{"base_files_url": "https://raw.githubusercontent.com/atrac17/Coin-Op_Collection/b389b3eb0ea5d483cf23c9e23d4a0ce837ddd404/", "db_id": "atrac17/Coin-Op_Collection", "db_url": "https://raw.githubusercontent.com/atrac17/Coin-Op_Collection/db/db.json.zip", "files": {"_Arcade/Armed F (Japan).mra": {"hash": "5d088c6ec9d1e573d74bbf189e93c687", "size": 2889, "tags": [12, 16, 23]}, "_Arcade/Armed Police Batrider Special Ver. (USA) (Fri Feb 13 1998).mra": {"hash": "2870dd526a36d635e6990c7e2a3ccbfe", "size": 6251, "tags": [12, 16, 17]}, "_Arcade/Battle Bakraid - Unlimited Version (USA) (Tue Jun 8 1999).mra": {"hash": "8cfba46a31d7b51482eb71da29a55cfb", "size": 5017, "tags": [12, 16, 20]}, "_Arcade/Battle Bakraid - Unlimited Version Special Ver. (USA) (Tue Jun 8 1999).mra": {"hash": "9ff38276c2b5b9509e2aaa615de9a42e", "size": 5128, "tags": [12, 16, 20]}, "_Arcade/Battle Garegga (Europe - USA - Japan - Asia) (Sat Feb 3 1996).mra": {"hash": "a5e3b3d57db9db4e83e8691b4546f2b3", "size": 4002, "tags": [12, 16, 21]}, "_Arcade/Chouji Meikyuu Legion (Japan ver 1.05, set 2).mra": {"hash": "5b97135f35535e9dd3159d40db3861dc", "size": 3010, "tags": [12, 16, 23]}, "_Arcade/Crazy Climber 2 (Japan).mra": {"hash": "67114b9f5afefe7ec3eef73b07e3c552", "size": 3100, "tags": [12, 16, 23]}, "_Arcade/Demons World - Horror Story (Set 3).mra": {"hash": "6d260d421737befce39598950da5e326", "size": 2684, "tags": [12, 16, 24]}, "_Arcade/Gang Wars.mra": {"hash": "4b6e8a2586e7176edb33c794b06199ee", "size": 2906, "tags": [12, 16, 26]}, "_Arcade/Hachoo.mra": {"hash": "2b104cb3782a2f411e0ea0d532d8bfcd", "size": 3527, "tags": [12, 16, 19]}, "_Arcade/Hellfire (2P Set).mra": {"hash": "9b35f7286228a8222fef219a93142c6c", "size": 2604, "tags": [12, 16, 27]}, "_Arcade/Iga Ninjyutsuden (Japan).mra": {"hash": "4411e849d6c8aa10468b938ab99a8a5d", "size": 3365, "tags": [12, 16, 19]}, "_Arcade/Ikari III - The Rescue (World Version 1, 8-Way Joystick).mra": {"hash": "36f33430a84cf3460d01e8d1f747e4d0", "size": 3993, "tags": [12, 16, 28]}, "_Arcade/In Your Face (US, Prototype).mra": {"hash": "0d93c36215247ee7c6e805d12efedc7d", "size": 3588, "tags": [12, 16, 19]}, "_Arcade/Jitsuryoku!! Pro Yakyuu (Japan).mra": {"hash": "828d417d14447fe44145e8461a8de604", "size": 3091, "tags": [12, 16, 19]}, "_Arcade/Kid no Hore Hore Daisakusen.mra": {"hash": "c375364fb6c9ec5beb34f4af69b44ffa", "size": 2872, "tags": [12, 16, 22]}, "_Arcade/Kingdom Grandprix.mra": {"hash": "fde0c7d99ad7adf379b4c707da43c4ce", "size": 2828, "tags": [12, 16, 21]}, "_Arcade/Kozure Ookami (Japan).mra": {"hash": "76a610ce4121bd918c7b94cff08246d2", "size": 2985, "tags": [12, 16, 23]}, "_Arcade/Out Zone.mra": {"hash": "1cda926883562b7d8dca2843987c5627", "size": 2535, "tags": [12, 16, 27]}, "_Arcade/P-47 - The Freedom Fighter (Japan).mra": {"hash": "b1abc8477aa75f38308d7983aa40bf04", "size": 3592, "tags": [12, 16, 19]}, "_Arcade/P.O.W. - Prisoners of War (US Version 1).mra": {"hash": "59e053a0cd632faf7d2b61cd48f159ae", "size": 3661, "tags": [12, 16, 28]}, "_Arcade/Paddle Mania.mra": {"hash": "ca4ce44e8f721f314db333343d5f5b3c", "size": 3255, "tags": [12, 16, 31]}, "_Arcade/Pipi & Bibis - Whoopee!! (Z80 sound cpu, set 1).mra": {"hash": "b56284217d2791799b89937efddeb631", "size": 2383, "tags": [12, 16, 29]}, "_Arcade/Plus Alpha.mra": {"hash": "b837b5ee788fa134c04ee0d6818b60c0", "size": 3869, "tags": [12, 16, 19]}, "_Arcade/Prehistoric Isle in 1930 (World).mra": {"hash": "ca006fd2f090bdd4ee48652ba4374feb", "size": 2291, "tags": [12, 16, 30]}, "_Arcade/Rally Bike - Dash Yarou.mra": {"hash": "7cf441dfb32a248bbbfdac9fdaba610a", "size": 2552, "tags": [12, 16, 34]}, "_Arcade/Rod-Land (World, Set 1).mra": {"hash": "256cf6e657887d332f30f443b464fc56", "size": 3250, "tags": [12, 16, 19]}, "_Arcade/SAR - Search And Rescue (World).mra": {"hash": "28f37047a1b74a686b9c37488574cbc7", "size": 2891, "tags": [12, 16, 28]}, "_Arcade/Saint Dragon (Set 1).mra": {"hash": "03763b0f572cd2f75a387b749dd6c276", "size": 3486, "tags": [12, 16, 19]}, "_Arcade/Same! Same! Same! (2P Set).mra": {"hash": "b8fbc37aaeaa079e53746de23c950efa", "size": 2886, "tags": [12, 16, 25]}, "_Arcade/Sei Senshi Amatelass.mra": {"hash": "b298aaec233cd939945014e810943730", "size": 2928, "tags": [12, 16, 22]}, "_Arcade/Sky Adventure (World).mra": {"hash": "55c310f9d9192a3eb10c534532647ec0", "size": 2386, "tags": [12, 16, 26]}, "_Arcade/Sky Soldiers (US).mra": {"hash": "928795019f48d63ccd48217b0dc9cc43", "size": 3987, "tags": [12, 16, 26]}, "_Arcade/Snow Bros. 2 - With New Elves - Otenki Paradise (Hanafram).mra": {"hash": "935b9575f917a4a14922ea440684b872", "size": 2489, "tags": [12, 16, 35]}, "_Arcade/Soldam.mra": {"hash": "49651b46761f80f5a95c53f484f60cbb", "size": 3313, "tags": [12, 16, 19]}, "_Arcade/Sorcer Striker.mra": {"hash": "333ddacf89b7eb3c44bfeb18c4630b79", "size": 2763, "tags": [12, 16, 21]}, "_Arcade/Street Smart (US Version 2).mra": {"hash": "8f6225eefbedb28138ab9c6e04d73c4f", "size": 2750, "tags": [12, 16, 28]}, "_Arcade/Tatakae! Big Fighter (Japan).mra": {"hash": "55826aeef5a31fbe0c1bcd63cf102532", "size": 2847, "tags": [12, 16, 23]}, "_Arcade/Terra Cresta (YM3526 set 1).mra": {"hash": "9f5481596b821dbe7ed65e9ca39cf996", "size": 2727, "tags": [12, 16, 22]}, "_Arcade/Terra Force (Japan).mra": {"hash": "92922205fc2d7162b0f67beaca112ea2", "size": 2961, "tags": [12, 16, 23]}, "_Arcade/The Lord of King (Japan).mra": {"hash": "80632a4f970bba7a91d102df727ba36b", "size": 3714, "tags": [12, 16, 19]}, "_Arcade/The Next Space (Japan).mra": {"hash": "306cc33cdb932f87afb77ab31a206e10", "size": 2494, "tags": [12, 16, 31]}, "_Arcade/Time Soldiers (US Rev 3).mra": {"hash": "ed8daeb506eb0fcc1d93ff530937cd88", "size": 3317, "tags": [12, 16, 26]}, "_Arcade/Truxton - Tatsujin.mra": {"hash": "de7fbacf3783002112afed4acb775c91", "size": 2782, "tags": [12, 16, 27]}, "_Arcade/Truxton II - Tatsujin Oh.mra": {"hash": "ab518a7cace0579d261610ba11b4319a", "size": 2419, "tags": [12, 16, 32]}, "_Arcade/Vimana (Japan).mra": {"hash": "73b4c553ccecdb3a148f0728dcf2f678", "size": 2603, "tags": [12, 16, 25]}, "_Arcade/Zero Wing (2P Set).mra": {"hash": "5b3b4c2cf4fb4546e75b77670f5e1c22", "size": 2771, "tags": [12, 16, 27]}, "_Arcade/_alternatives/_Armed Police Batrider/Armed Police Batrider (China) (Fri Feb 13 1998).mra": {"hash": "f94e83ccf6630f668524474dc4ab5548", "size": 3512, "tags": [12, 16, 17, 18]}, "_Arcade/_alternatives/_Armed Police Batrider/Armed Police Batrider (Europe) (Fri Feb 13 1998).mra": {"hash": "d9361570e82310085f12d4c67c58ea41", "size": 3500, "tags": [12, 16, 17, 18]}, "_Arcade/_alternatives/_Armed Police Batrider/Armed Police Batrider (Hong Kong) (Mon Dec 22 1997).mra": {"hash": "5838d5582afa8e7670523e6110689193", "size": 3511, "tags": [12, 16, 17, 18]}, "_Arcade/_alternatives/_Armed Police Batrider/Armed Police Batrider (Japan, B version) (Fri Feb 13 1998).mra": {"hash": "e3d4fd21a9b133bbb6fdcdad8c8760f6", "size": 3518, "tags": [12, 16, 17, 18]}, "_Arcade/_alternatives/_Armed Police Batrider/Armed Police Batrider (Japan, older version) (Mon Dec 22 1997).mra": {"hash": "1d83fa982d308e904a94d91b21968287", "size": 3522, "tags": [12, 16, 17, 18]}, "_Arcade/_alternatives/_Armed Police Batrider/Armed Police Batrider (Korea) (Fri Feb 13 1998).mra": {"hash": "8d5a64b09aa602657e87425bdeef06af", "size": 3512, "tags": [12, 16, 17, 18]}, "_Arcade/_alternatives/_Armed Police Batrider/Armed Police Batrider (Taiwan) (Mon Dec 22 1997).mra": {"hash": "f35fc4efa45538016b13437da1c7e04d", "size": 3506, "tags": [12, 16, 17, 18]}, "_Arcade/_alternatives/_Armed Police Batrider/Armed Police Batrider (USA) (Fri Feb 13 1998).mra": {"hash": "48acda5694b85418ea15be1ab750060b", "size": 6004, "tags": [12, 16, 17, 18]}, "_Arcade/_alternatives/_Avenging Spirit/Phantasm (Japan).mra": {"hash": "35851abac15094e3b9cc3daddbd1a329", "size": 3250, "tags": [12, 16, 18, 19]}, "_Arcade/_alternatives/_Battle Bakraid/Battle Bakraid (Japan) (Wed Apr 7 1999).mra": {"hash": "bd1b9228f1a2f462bfcb1080be7bdac6", "size": 5013, "tags": [12, 16, 18, 20]}, "_Arcade/_alternatives/_Battle Bakraid/Battle Bakraid - Unlimited Version (China) (Tue Jun 8 1999).mra": {"hash": "fcc594faa942084c1dadfd70c2976aa7", "size": 5038, "tags": [12, 16, 18, 20]}, "_Arcade/_alternatives/_Battle Bakraid/Battle Bakraid - Unlimited Version (Japan) (Tue Jun 8 1999).mra": {"hash": "2c487318d00fb735f10ba870f8520b9b", "size": 5032, "tags": [12, 16, 18, 20]}, "_Arcade/_alternatives/_Battle Garegga/Battle Garegga (Austria - Hong Kong) (Sat Feb 3 1996).mra": {"hash": "d58c55ae92efbf043beab3c92f985b4f", "size": 3207, "tags": [12, 16, 18, 21]}, "_Arcade/_alternatives/_Battle Garegga/Battle Garegga (Taiwan - Germany) (Thu Feb 1 1996).mra": {"hash": "e1cb90b5b564a3cf179df94e661b4ba8", "size": 3213, "tags": [12, 16, 18, 21]}, "_Arcade/_alternatives/_Battle Garegga/Battle Garegga (Zakk roms) (Europe USA Japan Asia) (Sat Feb 3 1996).mra": {"hash": "947b4fa446259454d7f14eb659164f66", "size": 9312, "tags": [12, 16, 18, 21]}, "_Arcade/_alternatives/_Battle Garegga/Battle Garegga (location test) (Wed Jan 17 1996).mra": {"hash": "863ab5ddf9b510f4e7926b3cc0a00cf9", "size": 3091, "tags": [12, 16, 18, 21]}, "_Arcade/_alternatives/_Battle Garegga/Battle Garegga - New Version (Austria - Hong Kong) (Sat Mar 2 1996).mra": {"hash": "252814e3206a88b370d74246233d13d9", "size": 3204, "tags": [12, 16, 18, 21]}, "_Arcade/_alternatives/_Battle Garegga/Battle Garegga - Type 2 (Denmark - China) (Tue Apr 2 1996).mra": {"hash": "e0995f8d9a98e365c63c450604ca1eb4", "size": 3181, "tags": [12, 16, 18, 21]}, "_Arcade/_alternatives/_Battle Garegga/Battle Garegga - Type 2 (Europe - USA - Japan - Asia) (Sat Mar 2 1996).mra": {"hash": "838be20fe00187d92f3d1c522694255c", "size": 3197, "tags": [12, 16, 18, 21]}, "_Arcade/_alternatives/_Booby Kids/Kid no Hore Hore Daisakusen (Bootleg Set 1).mra": {"hash": "4d7e10c1df5b0b6096cc34d391607097", "size": 2892, "tags": [12, 16, 18, 22]}, "_Arcade/_alternatives/_Booby Kids/Kid no Hore Hore Daisakusen (Bootleg Set 2).mra": {"hash": "4534b76a4e71e5c2778c52a581f0573e", "size": 2797, "tags": [12, 16, 18, 22]}, "_Arcade/_alternatives/_Chouji Meikyuu Legion/Legion - Spinner-87 (World ver 2.03).mra": {"hash": "0da42e007add1c95b283a27cd4a946ea", "size": 3165, "tags": [12, 16, 18, 23]}, "_Arcade/_alternatives/_Crazy Climber 2/Crazy Climber 2 (Japan, Harder).mra": {"hash": "6660a8935cb1af3ea6b780465f8ae6a6", "size": 3153, "tags": [12, 16, 18, 23]}, "_Arcade/_alternatives/_Demon's World/Demon's World - Horror Story (Set 1).mra": {"hash": "b192ab138643b09e2a021b656556c850", "size": 2628, "tags": [12, 16, 18, 24]}, "_Arcade/_alternatives/_Demon's World/Demons World - Horror Story (Set 2).mra": {"hash": "84929a06ca49c81263f2d8cbda96deab", "size": 2650, "tags": [12, 16, 18, 24]}, "_Arcade/_alternatives/_Demon's World/Demons World - Horror Story (Set 4).mra": {"hash": "807627cd815d9c059199b6ab410c6e64", "size": 2688, "tags": [12, 16, 18, 24]}, "_Arcade/_alternatives/_Demon's World/Demons World - Horror Story (Set 5).mra": {"hash": "0177cb378abecc320ab99729f232b947", "size": 2684, "tags": [12, 16, 18, 24]}, "_Arcade/_alternatives/_E.D.F. - Earth Defense Force/E.D.F. -  Earth Defense Force (Japan, Prototype).mra": {"hash": "e46f54d0844137f80f44027569b1e667", "size": 3895, "tags": [12, 16, 18, 19]}, "_Arcade/_alternatives/_Fire Shark/Fire Shark (Earlier).mra": {"hash": "aa8c831f936f9e39aeb7743a9e567a9a", "size": 2821, "tags": [12, 16, 18, 25]}, "_Arcade/_alternatives/_Fire Shark/Fire Shark (Korea, Set 1, Easier).mra": {"hash": "8ea03c4b23766cf86a4349635884c21a", "size": 2840, "tags": [12, 16, 18, 25]}, "_Arcade/_alternatives/_Fire Shark/Fire Shark (Korea, Set 2, Harder).mra": {"hash": "9edcfa7107a9f68024b34421334f204d", "size": 2842, "tags": [12, 16, 18, 25]}, "_Arcade/_alternatives/_Fire Shark/Fire Shark.mra": {"hash": "1b4b87a9fb2b95a8e841485d1124b79a", "size": 2834, "tags": [12, 16, 18, 25]}, "_Arcade/_alternatives/_Fire Shark/Jiao! Jiao! Jiao! (Hong Kong, 2P set).mra": {"hash": "493428469bde3cd76adbf8cc988fa899", "size": 2834, "tags": [12, 16, 18, 25]}, "_Arcade/_alternatives/_Fire Shark/Same! Same! Same! (1P Set).mra": {"hash": "437d0965e3995d7fe8e06cbbedd3faa9", "size": 2835, "tags": [12, 16, 18, 25]}, "_Arcade/_alternatives/_Fire Shark/Same! Same! Same! (1P Set, New Ver.).mra": {"hash": "d1d7204cba2e78c7ab7d779bbb8317f2", "size": 2855, "tags": [12, 16, 18, 25]}, "_Arcade/_alternatives/_Formation Armed F/Armed F (Fillmore license).mra": {"hash": "5d644b3151d9b3c8f0f4da1b7988775c", "size": 2932, "tags": [12, 16, 18, 23]}, "_Arcade/_alternatives/_Gang Wars/Gang Wars (Bootleg).mra": {"hash": "2ebdf94d22732855631046b7d2f8cd39", "size": 5398, "tags": [12, 16, 18, 26]}, "_Arcade/_alternatives/_Gang Wars/Gang Wars (Japan).mra": {"hash": "655f1478157977e3a8cab34cdf870bfb", "size": 2929, "tags": [12, 16, 18, 26]}, "_Arcade/_alternatives/_Gang Wars/Gang Wars (US).mra": {"hash": "8b46aa5bb7c10b82cdce43b20b4ecdd1", "size": 2911, "tags": [12, 16, 18, 26]}, "_Arcade/_alternatives/_Hellfire/Hellfire (1P Set).mra": {"hash": "b53d1c80eab23f069e29163c8fb6ffb2", "size": 2684, "tags": [12, 16, 18, 27]}, "_Arcade/_alternatives/_Hellfire/Hellfire (1P Set, Older).mra": {"hash": "26d830f0f6b1aa0d5aba7aa4ed8e891a", "size": 2693, "tags": [12, 16, 18, 27]}, "_Arcade/_alternatives/_Hellfire/Hellfire (2P Set, Older).mra": {"hash": "ba87e0ebe2967768341f62839827dd6c", "size": 2628, "tags": [12, 16, 18, 27]}, "_Arcade/_alternatives/_Ikari III - The Rescue/Ikari III - The Rescue (US, Rotary Joystick).mra": {"hash": "d605221684f1ae817dbc58c665920f39", "size": 4017, "tags": [12, 16, 18, 28]}, "_Arcade/_alternatives/_Ikari III - The Rescue/Ikari III - The Rescue (World, Rotary Joystick).mra": {"hash": "a842023118575b9fb564e23131f5679c", "size": 3312, "tags": [12, 16, 18, 28]}, "_Arcade/_alternatives/_Ikari III - The Rescue/Ikari Three (Japan, Rotary Joystick).mra": {"hash": "1af3eecba6633eba7e807360b26c1d68", "size": 4016, "tags": [12, 16, 18, 28]}, "_Arcade/_alternatives/_Ikari III - The Rescue/Ikari Three (Korea, 8-Way Joystick).mra": {"hash": "d70cd18dec818f0de1b54ec553593769", "size": 3063, "tags": [12, 16, 18, 28]}, "_Arcade/_alternatives/_Kingdom Grandprix/Shippu Mahou Daisakusen (Japan).mra": {"hash": "f0e4958064b47196ed3a6d840b771e0b", "size": 2855, "tags": [12, 16, 18, 21]}, "_Arcade/_alternatives/_Ninja Kazan/Ninja Kazan (World).mra": {"hash": "6ea333eb807e30878856f4cf3ca7a459", "size": 3748, "tags": [12, 16, 18, 19]}, "_Arcade/_alternatives/_Out Zone/Out Zone (Harder).mra": {"hash": "3392a12121ace22fc464e58547e91bba", "size": 2560, "tags": [12, 16, 18, 27]}, "_Arcade/_alternatives/_Out Zone/Out Zone (Old Set).mra": {"hash": "03c29f2661ee2de93b0da520054a1311", "size": 2543, "tags": [12, 16, 18, 27]}, "_Arcade/_alternatives/_Out Zone/Out Zone (Zero Wing TP-015 PCB Conversion).mra": {"hash": "d481bbdb877a5b65ed9eb0282e518746", "size": 2666, "tags": [12, 16, 18, 27]}, "_Arcade/_alternatives/_Out Zone/Out Zone (older set).mra": {"hash": "b35ab3ffceb4dcbcfce1c4ee39cc001e", "size": 2544, "tags": [12, 16, 18, 27]}, "_Arcade/_alternatives/_P-47 - The Freedom Fighter/P-47 - The Freedom Fighter (Japan, Export).mra": {"hash": "ff84b7dba469f8a949aa8da97281e453", "size": 3622, "tags": [12, 16, 18, 19]}, "_Arcade/_alternatives/_P-47 - The Freedom Fighter/P-47 - The Phantom Fighter (World).mra": {"hash": "d39338eea5a59dd9daafc4ee7846a247", "size": 3582, "tags": [12, 16, 18, 19]}, "_Arcade/_alternatives/_P.O.W. - Prisoners of War/Datsugoku - Prisoners of War (Japan).mra": {"hash": "2ed7cfe133680c632f0bbfe23f4c13b3", "size": 3654, "tags": [12, 16, 18, 28]}, "_Arcade/_alternatives/_P.O.W. - Prisoners of War/P.O.W. - Prisoners of War (US Version 1, Mask ROM Sprites).mra": {"hash": "e951e857c535f1b9d22cb8efa9a3d6d0", "size": 2736, "tags": [12, 16, 18, 28]}, "_Arcade/_alternatives/_Pipi & Bibis/Pipi & Bibis - Whoopee!! (Z80 sound cpu, set 2).mra": {"hash": "727ab8deb7ab670e512961719ed9e84d", "size": 2406, "tags": [12, 16, 18, 29]}, "_Arcade/_alternatives/_Prehistoric Isle in 1930/Genshitou 1930s.mra": {"hash": "9224ade070ea7d3de03817762e0506c7", "size": 2306, "tags": [12, 16, 18, 30]}, "_Arcade/_alternatives/_Prehistoric Isle in 1930/Prehistoric Isle in 1930 (US).mra": {"hash": "e827bf0148a813e288c1c42bd656dbd2", "size": 2318, "tags": [12, 16, 18, 30]}, "_Arcade/_alternatives/_Prehistoric Isle in 1930/Wonsido 1930s (Korea).mra": {"hash": "900705319ee3d931783e6115dcce4875", "size": 2315, "tags": [12, 16, 18, 30]}, "_Arcade/_alternatives/_Rod-Land/R&T (Rod-Land Prototype).mra": {"hash": "62b03ef5817b91e21b2dc976a5524230", "size": 3518, "tags": [12, 16, 18, 19]}, "_Arcade/_alternatives/_Rod-Land/Rod-Land (Japan).mra": {"hash": "9691afe526b2aef43e68edc7ecb9eb93", "size": 3257, "tags": [12, 16, 18, 19]}, "_Arcade/_alternatives/_Rod-Land/Rod-Land (World, Set 2).mra": {"hash": "11e0ec55bccd6a187c4a2f9415593370", "size": 3264, "tags": [12, 16, 18, 19]}, "_Arcade/_alternatives/_S.A.R. - Search and Rescue/SAR - Search And Rescue (Japan version 3).mra": {"hash": "2a89ba9cb1cbe7e0d7471ada5cda739a", "size": 2929, "tags": [12, 16, 18, 28]}, "_Arcade/_alternatives/_S.A.R. - Search and Rescue/SAR - Search And Rescue (US).mra": {"hash": "b1b9f81db8d9e1a2075f84a56649306d", "size": 2896, "tags": [12, 16, 18, 28]}, "_Arcade/_alternatives/_Saint Dragon/Saint Dragon (Set 2).mra": {"hash": "62ce1a99e7a156bdaebff9edf27cf5c8", "size": 3061, "tags": [12, 16, 18, 19]}, "_Arcade/_alternatives/_Sky Adventure/Sky Adventure (Japan).mra": {"hash": "6dc961567bb89671ce057875fb330ec9", "size": 2403, "tags": [12, 16, 18, 26]}, "_Arcade/_alternatives/_Sky Adventure/Sky Adventure (US).mra": {"hash": "c8e703b1fc0bdb41be34c52cd1994352", "size": 2441, "tags": [12, 16, 18, 26]}, "_Arcade/_alternatives/_Sky Robo/Sky Robo.mra": {"hash": "ec6fd9586b53620ccd0d044d1ba2d684", "size": 2801, "tags": [12, 16, 18, 23]}, "_Arcade/_alternatives/_Soldam/Soldam (Japan).mra": {"hash": "da8488e84a556a1050dd81f17fdceb52", "size": 3341, "tags": [12, 16, 18, 19]}, "_Arcade/_alternatives/_Soldier Girl Amazon/Soldier Girl Amazon (Tecfri license).mra": {"hash": "e875a761d27209a634c0898027d04b1e", "size": 2933, "tags": [12, 16, 18, 22]}, "_Arcade/_alternatives/_Soldier Girl Amazon/Soldier Girl Amazon.mra": {"hash": "7c644f078726e8ad7175906beff3e0a3", "size": 2906, "tags": [12, 16, 18, 22]}, "_Arcade/_alternatives/_Sorcer Striker/Mahou Daisakusen (Japan).mra": {"hash": "95b2f7b8133833771e233b6a2a5b666b", "size": 2674, "tags": [12, 16, 18, 21]}, "_Arcade/_alternatives/_Sorcer Striker/Sorcer Striker (Korea).mra": {"hash": "6b265f1fb8f322c24ed36adab106c49d", "size": 2810, "tags": [12, 16, 18, 21]}, "_Arcade/_alternatives/_Street Smart/Street Smart (Japan version 1).mra": {"hash": "a47f36aa40ac3ea510ff218686d8f784", "size": 2767, "tags": [12, 16, 18, 28]}, "_Arcade/_alternatives/_Street Smart/Street Smart (US version 1).mra": {"hash": "ee998a244f0f44c1c97754d99a6d4807", "size": 2760, "tags": [12, 16, 18, 28]}, "_Arcade/_alternatives/_Street Smart/Street Smart (World version 1).mra": {"hash": "da9eda54951afbaa80aeff323a2f2920", "size": 2767, "tags": [12, 16, 18, 28]}, "_Arcade/_alternatives/_Super Champion Baseball/Super Champion Baseball (Japan).mra": {"hash": "ce713fe4ff8df39452e9cc24dede8873", "size": 2584, "tags": [12, 16, 18, 26]}, "_Arcade/_alternatives/_Terra Cresta/Terra Cresta (YM3526 set 2).mra": {"hash": "9ecc3556b7fe425023ceab972e0b7c58", "size": 3080, "tags": [12, 16, 18, 22]}, "_Arcade/_alternatives/_Terra Cresta/Terra Cresta (YM3526 set 3).mra": {"hash": "b30843dbc674ff54e3dd9042f4e8687c", "size": 3080, "tags": [12, 16, 18, 22]}, "_Arcade/_alternatives/_Terra Force/Terra Force (US).mra": {"hash": "0a21c9bb99436269592639aa7d835a61", "size": 2951, "tags": [12, 16, 18, 23]}, "_Arcade/_alternatives/_Terra Force/Terra Force.mra": {"hash": "d2c2e85257aa395003e769218e0b995f", "size": 2813, "tags": [12, 16, 18, 23]}, "_Arcade/_alternatives/_The Astyanax/The Astyanax (EPROM Version).mra": {"hash": "c57db1965196fc4826eee3e8bc1b30a8", "size": 3753, "tags": [12, 16, 18, 19]}, "_Arcade/_alternatives/_The Astyanax/The Astyanax (Mask ROM Version).mra": {"hash": "bd48ac71502deeb14f0a813ea5d1ff44", "size": 3140, "tags": [12, 16, 18, 19]}, "_Arcade/_alternatives/_The Next Space/The Next Space (Set 1).mra": {"hash": "794dbb730d995721c830642a4d2c2658", "size": 2428, "tags": [12, 16, 18, 31]}, "_Arcade/_alternatives/_The Next Space/The Next Space (Set 2).mra": {"hash": "b5b4e7ccf32df318a49a88ccfd73abeb", "size": 3086, "tags": [12, 16, 18, 31]}, "_Arcade/_alternatives/_Time Soldiers/Battle Field (Japan).mra": {"hash": "3f76d8ae66edd3caf69ba32084071064", "size": 3265, "tags": [12, 16, 18, 26]}, "_Arcade/_alternatives/_Time Soldiers/Time Soldiers (US Rev 1).mra": {"hash": "fc9fe4a59f47bfc519189b2c6be8580b", "size": 3334, "tags": [12, 16, 18, 26]}, "_Arcade/_alternatives/_Truxton II/Truxton II - Tatsujin Oh [New Version].mra": {"hash": "c6d3c35dde71be85f7d815f927c67caf", "size": 9590, "tags": [12, 16, 18, 32]}, "_Arcade/_alternatives/_Vimana/Vimana (World, Set 1).mra": {"hash": "10a5ef1089e9cc86e83287cebf165893", "size": 2525, "tags": [12, 16, 18, 25]}, "_Arcade/_alternatives/_Vimana/Vimana (World, Set 2).mra": {"hash": "a4fb7b23c4e34cee3073336140026c9c", "size": 2597, "tags": [12, 16, 18, 25]}, "_Arcade/_alternatives/_Zero Wing/Zero Wing (1P Set).mra": {"hash": "0f328d6f9b12b7318067e4d081683d8f", "size": 2926, "tags": [12, 16, 18, 27]}, "_Arcade/_alternatives/_Zero Wing/Zero Wing (2P Set, Williams License).mra": {"hash": "7d24168d8fc46c98def59114ac06c321", "size": 2806, "tags": [12, 16, 18, 27]}, "_Arcade/cores/Alpha68k_20221223.rbf": {"hash": "89e3604b60bca145cc5312ea172353f9", "size": 3359820, "tags": [12, 26, 33]}, "_Arcade/cores/Bakraid_20221021.rbf": {"hash": "c47b5cc4a3589e6a87dc1fa6cd661ab2", "size": 3577200, "tags": [12, 20, 33]}, "_Arcade/cores/Batrider_20221021.rbf": {"hash": "c3b93f36b12245fed319dea591b33d74", "size": 3546820, "tags": [12, 17, 33]}, "_Arcade/cores/Garegga_20221021.rbf": {"hash": "a3714669a182a63e0a54988399c4a213", "size": 3592612, "tags": [12, 21, 33]}, "_Arcade/cores/MegaSys1_A_20240106.rbf": {"hash": "629a8904f9159d832e336980411c892f", "size": 3808644, "tags": [12, 19, 33]}, "_Arcade/cores/NextSpace_20230330.rbf": {"hash": "7b9b56617c387d0772795de7923ed766", "size": 3119820, "tags": [12, 31, 33]}, "_Arcade/cores/SNK68_20221019.rbf": {"hash": "e965ce5c70c6db786dff2e11a5d4f85f", "size": 3506808, "tags": [12, 28, 33]}, "_Arcade/cores/armedf_20221013.rbf": {"hash": "a94c221b2fe4f01cadb42e72ca4b6f2b", "size": 3987812, "tags": [12, 23, 33]}, "_Arcade/cores/demonwld_20230610.rbf": {"hash": "d2e436af600a9c5083244c3da24012af", "size": 3743076, "tags": [12, 24, 33]}, "_Arcade/cores/pipibibs_20221225.rbf": {"hash": "95fc7d8f85d22256364f014f9d0665a9", "size": 3184080, "tags": [12, 29, 33]}, "_Arcade/cores/prehisle_20230708.rbf": {"hash": "6a44c4dde63543167f8eb6481871f5a7", "size": 3789476, "tags": [12, 30, 33]}, "_Arcade/cores/rallybike_20230602.rbf": {"hash": "6b4a7ed2157d00874a41a74f3fb22db9", "size": 4170720, "tags": [12, 33, 34]}, "_Arcade/cores/snowbro2_20221225.rbf": {"hash": "0e58deb898f966e394aca86698763813", "size": 3352316, "tags": [12, 33, 35]}, "_Arcade/cores/terracresta_20220723.rbf": {"hash": "7f27228e5dd047032e98e2e21c5096c7", "size": 3973388, "tags": [12, 22, 33]}, "_Arcade/cores/truxton2_20230119.rbf": {"hash": "b190b0549722f79a79b5cdbaf2056641", "size": 3449380, "tags": [12, 32, 33]}, "_Arcade/cores/vimana_20230526.rbf": {"hash": "e1cc1f0ef49139afed7b8f580a568c25", "size": 3765348, "tags": [12, 25, 33]}, "_Arcade/cores/zerowing_20230521.rbf": {"hash": "a8b37ddc3a551abdc7a68488f7f70136", "size": 3537904, "tags": [12, 27, 33]}}, "folders": {"_Arcade": {"tags": [12]}, "_Arcade/_alternatives": {"tags": [12, 18]}, "_Arcade/_alternatives/_Armed Police Batrider": {"tags": [12, 17, 18]}, "_Arcade/_alternatives/_Avenging Spirit": {"tags": [12, 18, 19]}, "_Arcade/_alternatives/_Battle Bakraid": {"tags": [12, 18, 20]}, "_Arcade/_alternatives/_Battle Garegga": {"tags": [12, 18, 21]}, "_Arcade/_alternatives/_Booby Kids": {"tags": [12, 18, 22]}, "_Arcade/_alternatives/_Chouji Meikyuu Legion": {"tags": [12, 18, 23]}, "_Arcade/_alternatives/_Crazy Climber 2": {"tags": [12, 18, 23]}, "_Arcade/_alternatives/_Demon's World": {"tags": [12, 18, 24]}, "_Arcade/_alternatives/_E.D.F. - Earth Defense Force": {"tags": [12, 18, 19]}, "_Arcade/_alternatives/_Fire Shark": {"tags": [12, 18, 25]}, "_Arcade/_alternatives/_Formation Armed F": {"tags": [12, 18, 23]}, "_Arcade/_alternatives/_Gang Wars": {"tags": [12, 18, 26]}, "_Arcade/_alternatives/_Hellfire": {"tags": [12, 18, 27]}, "_Arcade/_alternatives/_Ikari III - The Rescue": {"tags": [12, 18, 28]}, "_Arcade/_alternatives/_Kingdom Grandprix": {"tags": [12, 18, 21]}, "_Arcade/_alternatives/_Ninja Kazan": {"tags": [12, 18, 19]}, "_Arcade/_alternatives/_Out Zone": {"tags": [12, 18, 27]}, "_Arcade/_alternatives/_P-47 - The Freedom Fighter": {"tags": [12, 18, 19]}, "_Arcade/_alternatives/_P.O.W. - Prisoners of War": {"tags": [12, 18, 28]}, "_Arcade/_alternatives/_Pipi & Bibis": {"tags": [12, 18, 29]}, "_Arcade/_alternatives/_Prehistoric Isle in 1930": {"tags": [12, 18, 30]}, "_Arcade/_alternatives/_Rod-Land": {"tags": [12, 18, 19]}, "_Arcade/_alternatives/_S.A.R. - Search and Rescue": {"tags": [12, 18, 28]}, "_Arcade/_alternatives/_Saint Dragon": {"tags": [12, 18, 19]}, "_Arcade/_alternatives/_Sky Adventure": {"tags": [12, 18, 26]}, "_Arcade/_alternatives/_Sky Robo": {"tags": [12, 18, 23]}, "_Arcade/_alternatives/_Soldam": {"tags": [12, 18, 19]}, "_Arcade/_alternatives/_Soldier Girl Amazon": {"tags": [12, 18, 22]}, "_Arcade/_alternatives/_Sorcer Striker": {"tags": [12, 18, 21]}, "_Arcade/_alternatives/_Street Smart": {"tags": [12, 18, 28]}, "_Arcade/_alternatives/_Super Champion Baseball": {"tags": [12, 18, 26]}, "_Arcade/_alternatives/_Terra Cresta": {"tags": [12, 18, 22]}, "_Arcade/_alternatives/_Terra Force": {"tags": [12, 18, 23]}, "_Arcade/_alternatives/_The Astyanax": {"tags": [12, 18, 19]}, "_Arcade/_alternatives/_The Next Space": {"tags": [12, 18, 31]}, "_Arcade/_alternatives/_Time Soldiers": {"tags": [12, 18, 26]}, "_Arcade/_alternatives/_Truxton II": {"tags": [12, 18, 32]}, "_Arcade/_alternatives/_Vimana": {"tags": [12, 18, 25]}, "_Arcade/_alternatives/_Zero Wing": {"tags": [12, 18, 27]}, "_Arcade/cores": {"tags": [12, 33]}, "|games": {"tags": [36]}, "|games/hbmame": {"tags": [36, 37]}, "|games/mame": {"tags": [36, 38]}}, "tag_dictionary": {"alternatives": 18, "arcade": 12, "arcadealpha68k": 26, "arcadearmedf": 23, "arcadebakraid": 20, "arcadebatrider": 17, "arcadecores": 12, "arcadedemonwld": 24, "arcadegaregga": 21, "arcademegasys1a": 19, "arcadenextspace": 31, "arcadepipibibs": 29, "arcadeprehisle": 30, "arcaderallybike": 34, "arcadesnk68": 28, "arcadesnowbro2": 35, "arcadeterracresta": 22, "arcadetruxton2": 32, "arcadevimana": 25, "arcadezerowing": 27, "cores": 33, "games": 36, "hbmame": 37, "mame": 38, "mra": 16}, "timestamp": 1704572401}